"Group ID","Groups","Subscription 1","Subscription 2","Subscription 3","Subscription 4","Subscription 5","Percentage of Subscription 1","Percentage of Subscription 2","Percentage of Subscription 3","Percentage of Subscription 4","Percentage of Subscription 5"
1,"5 Very interested",35,33,39,34,38,0.125,0.117857142857143,0.139285714285714,0.121428571428571,0.135714285714286
2,"4 Interested",60,47,59,49,40,0.214285714285714,0.167857142857143,0.210714285714286,0.175,0.142857142857143
3,"3 Neutral",68,71,79,73,63,0.242857142857143,0.253571428571429,0.282142857142857,0.260714285714286,0.225
4,"2 Slightly uninterested",52,47,40,49,66,0.185714285714286,0.167857142857143,0.142857142857143,0.175,0.235714285714286
5,"1 Not interested at all",54,72,52,63,61,0.192857142857143,0.257142857142857,0.185714285714286,0.225,0.217857142857143
6,"I do not know",11,10,11,12,12,0.0392857142857143,0.0357142857142857,0.0392857142857143,0.0428571428571429,0.0428571428571429
