"Group ID","Groups","Survey","Percentage of Survey"
1,"5 Very interested",39,0.129568106312292
2,"4 Interested",63,0.209302325581395
3,"3 Neutral",71,0.235880398671096
4,"2 Slightly uninterested",59,0.196013289036545
5,"1 Not interested at all",58,0.192691029900332
6,"I do not know",11,0.0365448504983389
